Clothing Style,total amount,average style cost
Active,17,244.23529411764707
Simple,28,341.85714285714283
Elegant,14,536.9285714285714
Cute,21,550.0952380952381
Cool,8,733.625
Normal,7,424.7142857142857
Gorgeous,5,526.0
